Outfit,Gender,Body Shape,Theme,Height Min,Height Max,Weight Min,Weight Max,Image URL,Description
Saree,Female,Inverted Triangle,Wedding,150,189,40,98,https://images-static.cloudtailor.com/Inverted_Triangle_Body_Shape_1_bcfff1ca7d.png,"A grand wedding saree with intricate threadwork, adding a touch of tradition and modernity."
Saree,Female,Rectangle,Wedding,150,190,41,100,https://images-static.cloudtailor.com/Rectangular_Body_Shape_1_9e343910ab.png,"A handcrafted tissue saree with gold detailing, perfect for an ethereal bridal look."
Saree,Female,Oval,Wedding,150,191,42,102,https://www.meerasplussizestore.com/cdn/shop/files/Pink-Holographic-Saree-Anjali-DSC_0445_33c4ef7d-590c-4347-b410-71f6f836cc30.jpg?v=1735385580&width=1000,"A mesmerizing designer saree with detailed stone embroidery, capturing the essence of wedding grandeur."
Saree,Female,Pear,Wedding,150,192,43,104,https://images-static.cloudtailor.com/Pear_Shaped_Body_1_d1f8cb0ece.png,"A heritage saree with handcrafted motifs and traditional draping style, embodying the beauty of weddings."
Saree,Female,Apple,Wedding,150,193,44,106,https://images-static.cloudtailor.com/apple_shape_1_ef059e9d1b.png,"A radiant organza saree with shimmering embellishments, designed to make the bride shine on her big day."
Saree,Female,Inverted Triangle,Wedding,140,194,45,108,https://utsarees.in/cdn/shop/files/Janhvi_Kapoor_Inspired_Sindoori_Red_Organza_Saree3.jpg?v=1724135569&width=1080w,"An ethereal net saree with floral threadwork, perfect for contemporary wedding aesthetics."
Saree,Female,Hourglass,Wedding,150,195,46,110,https://images-static.cloudtailor.com/Hourglass_Shaped_Body_1_e0e7a9dc30.png,"A majestic wedding saree with heavy embellishments, blending royal heritage with modern charm."
Saree,Female,Hourglass,Wedding,150,175,40,70,https://utsarees.in/cdn/shop/files/Janhvi_Kapoor_Inspired_Sindoori_Red_Organza_Saree3.jpg?v=1724135569&width=1080w,"A traditional Indian garment draped elegantly, often worn for weddings and festive occasions."
Tuxedo,Male,Rectangle,Formal,160,190,60,90,https://riyaasat.in/cdn/shop/files/1J8A0951.jpg?v=1739959595&width=2000,"A formal outfit consisting of a suit jacket and trousers, typically worn for formal events."
Jeans and T-Shirt,Female,Hourglass,Casual,140,190,40,100,https://img01.ztat.net/article/spp-media-p1/3f7e972552644150b29bce67343748ee/1e44ef5d7f4545d8813410405511a771.jpg?imwidth=1800,A comfortable and casual outfit suitable for daily wear.
Oversized Sweater and Skinny Jeans,Female,Rectangle,Casual,141,191,42,95,https://images.bewakoof.com/uploads/grid/app/Oversized-Sweater-with-Skinny-Jeans-Bewakoof-Blog-8-1606799253.jpg,"A cozy and chic look, perfect for relaxed outings in cooler weather."
Crop Top and Wide-Leg Pants,Female,Oval,Casual,142,192,44,92,https://themomedit.com/wp-content/uploads/2022/11/7d014b9c-deaa-4878-9b58-7c053618f167_LevisFloodFront-2.jpg,"A trendy aesthetic outfit offering both comfort and a bold fashion statement."
Floral Midi Dress and Sneakers,Female,Pear,Casual,143,193,46,90,https://40plusstyle.com/wp-content/uploads/2024/04/meloffshoulderdress.jpg,"A breezy and elegant choice, effortlessly blending casual and feminine styles."
Denim Jacket and Pleated Skirt,Female,Apple,Casual,144,194,48,88,https://cdn.shopify.com/s/files/1/0657/6052/6551/files/blue-denim-jacket-over-neutral-top-and-black-pleated-skirt.png,"A stylish fusion of edgy and cute, ideal for casual yet fashionable outings."
Blazer and High-Waisted Jeans,Female,Inverted Triangle,Casual,145,195,50,85,https://cdn.shopify.com/s/files/1/0622/3885/1281/files/image2_4ddd8cf7-b50b-4a8b-98a7-1744361d6479_480x480.png?v=1711729877,"A polished yet effortless look, perfect for smart-casual occasions."
Satin Slip Dress,Female,Hourglass,Casual,146,196,52,83,https://images.ctfassets.net/3s5io6mnxfqz/39yGxV1vYZDKzLbrODGZwY/46d3ce961f7497d72a15e3277f17267d/how-to-style-a-slip-dress.jpeg,"A minimalistic yet stunning outfit, ideal for a modern aesthetic vibe."
Graphic Tee and Cargo Pants,Female,Rectangle,Casual,147,197,54,80,https://www.aviationkart.com/cdn/shop/files/S6384708de3974c3ea205e8062c8afd493_ea57fe61-c05f-4ddd-bf0f-d559d3528669_2048x2048.jpg?v=1693635929,"A street-style inspired look, blending comfort with urban aesthetics."
Turtleneck and Corduroy Pants,Female,Oval,Casual,148,198,56,78,https://hips.hearstapps.com/hmg-prod/images/59f0fef6e051de89494d7891ea899460-1596734941.jpg,"A warm and vintage-inspired ensemble, great for cozy fall days."
Boho Maxi Dress and Sandals,Female,Pear,Casual,149,199,58,75,https://i.pinimg.com/736x/fd/6e/79/fd6e79901fd2c88295241848f50df59f.jpg,"A flowy and artistic look, perfect for an effortlessly aesthetic vibe."
Make an impact in a Long Sleeve Dress,Female,Oval,Formal,140,190,60,100,https://www.ever-pretty.com/cdn/shop/products/EP00461NB-PR.jpg?v=1740994647&width=900,A long sleeve dress is a great formal wear choice for plus sized women.
Salwar Kameez,Female,Pear,Festival,145,170,45,75,https://www.anantexports.in/cdn/shop/files/IMG-20231106_110409.jpg?v=1699249420,"A traditional outfit consisting of a long tunic and pants, commonly worn in South Asia."
Kurta Pajama,Male,Oval,Festival,160,185,50,90,https://pluss.in/cdn/shop/products/1_4a4ebeae-8183-4bc1-bbbb-3b6556f837f1.jpg?v=1736406779,A comfortable traditional outfit consisting of a long tunic and loose-fitting pants.
Kurta Pajama,Male,pear,Festival,160,185,50,90,static\kurta.png,A comfortable traditional outfit consisting of a long tunic and loose-fitting pants.
Kurta Pajama,Male,Rectangle,Festival,160,185,50,90,https://www.craftyle.com/cdn/shop/files/fire-orange-embroidered-silk-kurta-pajama-mens-ethnic-wear-cmkem4740001.jpg?v=1712675962&width=750,A comfortable traditional outfit consisting of a long tunic and loose-fitting pants.
Kurta Pajama,Male,Apple,Festival,160,185,50,90,static\kurta.png,A comfortable traditional outfit consisting of a long tunic and loose-fitting pants.
Kurta Pajama,Male,Hourglass,Festival,160,185,50,90,static\pajama hourglass.png,A comfortable traditional outfit consisting of a long tunic and loose-fitting pants.
Kurta Pajama,Male,Apple,Festival,160,185,50,90,static\image.png,A comfortable traditional outfit consisting of a long tunic and loose-fitting pants.
Kurta Pajama,Male,Inverted Triangle,Festival,160,185,50,90,https://www.craftyle.com/cdn/shop/files/fire-orange-embroidered-silk-kurta-pajama-mens-ethnic-wear-cmkem4740001.jpg?v=1712675962&width=750,A comfortable traditional outfit consisting of a long tunic and loose-fitting pants.
Kurta Pajama,Male,Inverted Triangle,Festival,160,185,50,90,https://guniaa.com/cdn/shop/files/men-plus-size-black-paisley-digital-printed-kurta-guniaa-fashions-1.jpg?v=1698085516&width=1500,A comfortable traditional outfit consisting of a long tunic and loose-fitting pants.
Blazer and Trousers,Male,Rectangle,formal,160,195,60,95,https://cdn.shopify.com/s/files/1/0291/6266/8110/files/modern-office-suit-men-2025_1024x1024.png?v=1729170314,A professional business outfit featuring a formal blazer paired with trousers.
Evening Gown,Female,Inverted Triangle,Party,150,180,45,80,https://sc04.alicdn.com/kf/H895c49d8fa234ce4afe5aab3554874a9i.jpg,"A long, elegant dress designed for formal evening events."
Joggers and Hoodie,Female,Hourglass,Casual,145,190,45,100,https://ellaelement.shop/cdn/shop/products/368A3203.jpg?v=1673197344&width=3000,A comfortable and stylish outfit perfect for casual outings or workouts.
Joggers and Hoodie,Male,Rectangle,Casual,160,190,60,100,https://maniaclife.com/cdn/shop/files/MN23-SET-SWT-HD-FS-GN-SLD_JOG-GN-SLD_1_5fa34215-04a1-435f-96b5-9ee8d219bdfc.jpg?v=1739800708&width=1000,A comfortable and stylish outfit perfect for casual outings or workouts.
Lehenga,Female,Hourglass,Festive,150,175,45,70,https://upload.wikimedia.org/wikipedia/commons/e/ee/Lehenga_Choli.jpg,"A heavily embroidered skirt and blouse, often worn for weddings and festive occasions."
Suit and Tie,Male,Rectangle,Formal,160,190,60,90,https://images.pexels.com/photos/1043474/pexels-photo-1043474.jpeg,"A formal attire consisting of a suit jacket, trousers, and a tie, suitable for business or formal events."
Tracksuit,Male,Hourglass,Casual,140,185,50,100,https://authenticmanufacturing.com/wp-content/uploads/2020/09/H5fda947438f6410ab71db05fc0c61f255.jpg_.jpg,A sporty outfit typically worn for exercise or casual wear.
Jumpsuit,Female,Oval,Casual,145,175,45,80,https://images.pexels.com/photos/179909/pexels-photo-179909.jpeg,A one-piece garment that is comfortable and stylish for casual wear.
Cocktail Dress,Female,Hourglass,Party,145,166,52,78,https://www.outfittrends.com/wp-content/uploads/2016/03/cocktail-1.jpeg,A stylish cocktail dress suitable for party occasions.
Blazer,Male,Rectangle,Business,140,168,45,59,https://i.pinimg.com/736x/bf/5f/3f/bf5f3fceee9c150959d51e844a344b01.jpg,A stylish blazer suitable for business occasions.
Denim Jacket,Male,Hourglass,Casual,156,178,54,71,https://www.apetogentleman.com/wp-content/uploads/2019/03/wear-denim-jacket-men-5.jpg,A stylish denim jacket suitable for casual occasions.
Cocktail Dress,Female,Hourglass,Party,153,175,51,63,https://th.bing.com/th/id/OIP.mAZhehZkxDM3qgvlgvDx6QHaLJ?rs=1&pid=ImgDetMain,A stylish cocktail dress suitable for party occasions.
Cocktail Dress,Female,Hourglass,Party,158,184,58,70,https://papiliobridal.com/wp-content/uploads/2019/06/429-429-2.jpg,A stylish cocktail dress suitable for party occasions.
Maxi Dress,Female,Pear,Beach,142,168,60,72,https://cdn.shopify.com/s/files/1/0800/4863/products/Navy_Long_Sleeve_Maxi_Dress_1600x.jpg?v=1575644047,A stylish maxi dress suitable for summer occasions.
Sherwani,Male,Oval,Wedding,159,175,59,80,https://images.pexels.com/photos/3779564/pexels-photo-3779564.jpeg,A stylish sherwani suitable for wedding occasions.
Hoodie and Joggers,Female,Rectangle,Casual,157,180,40,80,https://i5.walmartimages.com/asr/b0c6b8f9-3e42-4374-9864-2ceb77bf8b63_1.4dbd71dbc4de15d12ff91008075735aa.jpeg,A stylish hoodie and joggers suitable for casual occasions.
Denim Jacket,Male,pear,Casual,154,174,45,73,https://th.bing.com/th/id/OIP.M3PAH26gE49AxPl6kdRnrwHaJ4?rs=1&pid=ImgDetMain,A stylish denim jacket suitable for casual occasions.
Denim Jacket,Female,Rectangle,Casual,152,181,49,79,https://cdna.lystit.com/photos/missguided/f67ead45/missguided-designer-denim-Oversized-Boyfriend-Fit-Denim-Jacket.jpeg,A stylish denim jacket suitable for casual occasions.
Sherwani,Male,Oval,Wedding,151,171,56,86,https://ethnicworld.co.uk/cdn/shop/files/csutom-made-green-heavy-embroidery-indo-western-sherwani-for-groom-ethnic-world-1.jpg?v=1686062806,A stylish sherwani suitable for wedding occasions.
Blazer,Male,Rectangle,Business,149,164,46,65,https://d1fufvy4xao6k9.cloudfront.net/looks/621/Hock%204.jpg,A stylish blazer suitable for business occasions.
Sherwani,Male,Oval,Wedding,160,187,52,80,https://static3.azafashions.com/uploads/product_gallery/sbjr_ar_00583-1-0397624001586934292.jpg,A stylish sherwani suitable for wedding occasions.
Hoodie and Joggers,Male,Rectangle,Casual,149,168,58,83,https://i5.walmartimages.com/asr/6adc0f2d-03af-48d9-9896-6d1b5874cea6_1.19d128a527ad52c54857cce9cd80ee9a.jpeg,A stylish hoodie and joggers suitable for casual occasions.
Hoodie and Joggers,Male,Hourglass,Casual,141,167,54,70,https://i5.walmartimages.com/asr/6adc0f2d-03af-48d9-9896-6d1b5874cea6_1.19d128a527ad52c54857cce9cd80ee9a.jpeg,A stylish hoodie and joggers suitable for casual occasions.
Sherwani,Male,Oval,Wedding,156,172,52,82,https://i.pinimg.com/originals/dc/65/a1/dc65a15dfdfcc8571c0f961c57e3c599.jpg,A stylish sherwani suitable for wedding occasions.
Tracksuit,Unisex,Any,Athleisure,160,188,41,51,https://i.etsystatic.com/23615311/r/il/50801d/2484278485/il_fullxfull.2484278485_o4j3.jpg,A stylish tracksuit suitable for athleisure occasions.
Leather Jacket,Female,Any,Edgy,151,174,51,62,https://th.bing.com/th/id/OIP.ph5j6dlyFLAjil6P--avpwHaKT?w=1840&h=2560&rs=1&pid=ImgDetMain,A stylish leather jacket suitable for edgy occasions.
Hoodie and Joggers,Male,Any,Casual,152,173,44,59,https://lp2.hm.com/hmgoepprod?set=quality[79]%2Csource[%2F78%2Fdc%2F78dcc5fc0d40129d24c587950c754ba63cb1237d.jpg]%2Corigin[dam]%2Ccategory[men_hoodiessweatshirts_hoodies]%2Ctype[DESCRIPTIVESTILLLIFE]%2Cres[m]%2Chmver[2]&call=url[file:/product/main],A stylish hoodie and joggers suitable for casual occasions.
Tracksuit,Male,Any,Athleisure,142,172,47,57,https://th.bing.com/th/id/OIP.5zwLDWTkFkzv5HYa3L8FqQHaJc?rs=1&pid=ImgDetMain,A stylish tracksuit suitable for athleisure occasions.
Tracksuit,Male,Any,Athleisure,142,160,59,80,https://jerone.com/images/product/14590-Tracksuit-Light-Gray-With-Golden-Details-Jerone-1667913506-1424.webp,A stylish tracksuit suitable for athleisure occasions.
Maxi Dress,Female,Pear,Beach,154,175,57,84,https://cdn.shopify.com/s/files/1/1066/4366/products/summerlin-lace-top-maxi-dress-rust-928112.jpg?v=1655880769,A stylish maxi dress suitable for summer occasions.
Maxi Dress,Female,Pear,Casual,153,180,45,63,https://www.lilyboutique.com/media/catalog/product/cache/1/image/9df78eab33525d08d6e5fb8d27136e95/j/u/june_24_2016_part_2-0388.jpg,A stylish maxi dress suitable for summer occasions.
Hoodie and Joggers,Male,Hourglass,Casual,148,167,51,62,https://lp2.hm.com/hmgoepprod?set=quality[79]%2Csource[%2F78%2Fdc%2F78dcc5fc0d40129d24c587950c754ba63cb1237d.jpg]%2Corigin[dam]%2Ccategory[men_hoodiessweatshirts_hoodies]%2Ctype[DESCRIPTIVESTILLLIFE]%2Cres[m]%2Chmver[2]&call=url[file:/product/main],A stylish hoodie and joggers suitable for casual occasions.
Cocktail Dress,Female,Hourglass,Party,151,180,40,68,https://th.bing.com/th/id/OIP.Yi0RBjqCGvts-CfiwlMSIgHaLH?rs=1&pid=ImgDetMain,A stylish cocktail dress suitable for party occasions.
Sherwani,Male,Oval,Wedding,152,180,59,87,https://cdn.shopify.com/s/files/1/1768/0827/products/9424.jpg?v=1498848447,A stylish sherwani suitable for wedding occasions.
Maxi Dress,Female,Pear,Beach,150,176,59,84,https://5fbb4b60e5a371522c26-c46478628be7be7c70f96ec65a31d1c7.ssl.cf3.rackcdn.com/Images/ProductImages/Black_Chiffon_Maxi_Dress_With_Wrap_Front_Lace_Details_136169_a981.jpg,A stylish maxi dress suitable for summer occasions.
Hoodie and Joggers,Female,Rectangle,Casual,143,169,46,59,https://stylesnbags.com/wp-content/uploads/2021/05/Oversized-Hoodie-and-Jogger-Lounge-Set-3-600x900.jpg,A stylish hoodie and joggers suitable for casual occasions.
Denim Jacket,Female,Rectangle,Casual,149,168,58,88,https://www.crewclothing.co.uk/images/products/large/WNA035_MIDWASH.jpg,A stylish denim jacket suitable for casual occasions.
Blazer,Male,Rectangle,Formal,147,173,47,66,https://handcmediastorage.blob.core.windows.net/productimages/CO/COPRA144-G01-178102-1400px-1820px.jpg,A stylish blazer suitable for business occasions.
Maxi Dress,Female,Pear,Beach,153,181,44,62,https://th.bing.com/th/id/OIP.oaQNOgwI_-XgSdBTinfcOwHaLH?w=1151&h=1727&rs=1&pid=ImgDetMain,A stylish maxi dress suitable for summer occasions.
Maxi Dress,Female,Pear,Beach,146,169,50,78,https://www.dressedupgirl.com/wp-content/uploads/2015/06/Long-Black-Maxi-Dress.jpg,A stylish maxi dress suitable for summer occasions.
Maxi Dress,Female,Pear,Beach,152,178,40,61,https://cdn.shopify.com/s/files/1/0800/4863/products/Mint_Multi_Colored_Striped_Maxi_Dress_1600x.jpg?v=1559743866,A stylish maxi dress suitable for summer occasions.
Cocktail Dress,Female,Hourglass,Party,143,161,40,73,https://www.outfittrends.com/wp-content/uploads/2016/03/cocktail-1.jpeg,A stylish cocktail dress suitable for party occasions.
Cocktail Dress,Female,Hourglass,Party,151,170,39,85,https://seovegasnow.com/wp-content/uploads/2019/01/black-evening-cocktail-dresses-1.jpg,A stylish cocktail dress suitable for party occasions.
Cocktail Dress,Female,Hourglass,Party,160,179,38,67,https://th.bing.com/th/id/R.60133c66d004f25f64df0af47d50181a?rik=QdkKb6HGEhRzWQ&riu=http%3a%2f%2fwww.ohhmymy.com%2fwp-content%2fuploads%2f2015%2f11%2fOne-Shoulder-Light-Grey-Cocktail-Dress.jpg&ehk=68lHlGfyubOYxg8uPs20ubmKiP1ZNWPeLeViklex%2fig%3d&risl=&pid=ImgRaw&r=0,A stylish cocktail dress suitable for party occasions.
Tracksuit,Unisex,Any,Athleisure,146,167,47,73,https://pa.namshicdn.com/product/A0/67636W/5-zoom-desktop.jpg,A stylish tracksuit suitable for athleisure occasions.
Denim Jacket,Male,Rectangle,Casual,153,179,42,67,https://cdna.lystit.com/photos/scottsmenswear/20102437/levis--Sherpa-Lightweight-Denim-Jacket.jpeg,A stylish denim jacket suitable for casual occasions.
Hoodie and Joggers,Female,Hourglass,Casual,153,176,43,56,https://cdn.shopify.com/s/files/1/1818/9543/products/black-cropped-hoodie-and-jogger-co-ord-set-styledup-fashion.jpg?v=1588768769,A stylish hoodie and joggers suitable for casual occasions.
Cocktail Dress,Female,Hourglass,Party,145,163,41,57,https://th.bing.com/th/id/R.f39b92546dd73494f34baac19e089fa6?rik=uMwhTMuNCmQROw&riu=http%3a%2f%2fwww.dressedupgirl.com%2fwp-content%2fuploads%2f2015%2f01%2fLong-Sleeve-Lace-Cocktail-Dress.jpg&ehk=EiBeWDQ1VAK9vyd%2fQPjY7HwY6Ba6FXrt0mr3i%2bpGSBs%3d&risl=&pid=ImgRaw&r=0,A stylish cocktail dress suitable for party occasions.
Leather Jacket,Unisex,Any,Edgy,146,171,52,70,https://www.urbanfashionstudio.com/wp-content/uploads/2021/03/2-14.jpg,A stylish leather jacket suitable for edgy occasions.
Blazer,Male,Rectangle,Business,151,172,41,54,https://assets.superbalistcdn.co.za/filters:quality(75):format(jpg)/1683928/original.jpg,A stylish blazer suitable for business occasions.
Blazer,Male,Rectangle,Business,144,159,53,65,https://candidmen.in/static/ecommerce/img/products/site_images/light-grey-twede-blazer_medium_1.jpg,A stylish blazer suitable for business occasions.
Tracksuit,Unisex,Any,Athleisure,150,178,46,74,https://pa.namshicdn.com/product/84/9543/v1/1-zoom-desktop.jpg,A stylish tracksuit suitable for athleisure occasions.
Denim Jacket,Female,Any,Casual,153,174,47,58,https://i.pinimg.com/originals/63/9a/7f/639a7f6895219dd02f8c4a5347572dde.jpg,A stylish denim jacket suitable for casual occasions.
Maxi Dress,Female,Pear,Summer,144,163,57,76,https://cdn.shopify.com/s/files/1/0293/9277/products/Fashion_Nova_08-22-17-521_800x.jpg?v=1503504734,A stylish maxi dress suitable for summer occasions.
Leather Jacket,Male,Any,Edgy,156,171,56,68,https://th.bing.com/th/id/R.271d7dc36bffd8a3426baa2b84ced9c0?rik=QXTCcMLHC6nPcw&riu=http%3a%2f%2ffeedinspiration.com%2fwp-content%2fuploads%2f2015%2f07%2fbrown-leather-jackets.jpg&ehk=PA2OwWSPKkPI4PhfS2CuWb1Vb5L96sG0hp7Q6Ilggyc%3d&risl=&pid=ImgRaw&r=0,A stylish leather jacket suitable for edgy occasions.
Sherwani,Male,Oval,Wedding,144,162,51,64,https://i.etsystatic.com/19536903/r/il/acb2fb/3051921000/il_1588xN.3051921000_mhcm.jpg,A stylish sherwani suitable for wedding occasions.
Cocktail Dress,Female,Hourglass,Party,144,171,40,57,https://th.bing.com/th/id/OIP.SMqXCJ15QYfvXAtpgsTFEwAAAA?rs=1&pid=ImgDetMain,A stylish cocktail dress suitable for party occasions.
Sherwani,Male,Oval,Wedding,150,180,45,71,https://ik.imagekit.io/ldqsn9vvwgg/images/1535534.jpg,A stylish sherwani suitable for wedding occasions.
Sherwani,Male,Oval,Wedding,146,166,51,73,https://th.bing.com/th/id/R.dd23ccad0fe4bdf7251526b2abc0f92b?rik=EL%2bMbeFLX3abwg&riu=http%3a%2f%2fwww.sudarshansaree.com%2fcdn%2fshop%2fproducts%2fETW1505-1102A.jpg%3fv%3d1664618522&ehk=CEzhyem1e3c43N156WdS7BA0fmobSZDD0hVntnHWp%2bw%3d&risl=&pid=ImgRaw&r=0,A stylish sherwani suitable for wedding occasions.
Blazer,Male,Rectangle,Business,144,159,44,57,https://www.tiptopgents.com/wp-content/uploads/2022/12/magno_scavo-20221125-0001.webp,A stylish blazer suitable for business occasions.
Maxi Dress,Female,Pear,Summer,146,162,60,87,https://th.bing.com/th/id/R.2ae2a9e4392b85435d22128620d8ac18?rik=2P%2bDr0GpifXhUA&riu=http%3a%2f%2fcdn.shopify.com%2fs%2ffiles%2f1%2f0800%2f4863%2fproducts%2fban2-_2_1600x.jpg%3fv%3d1478783981&ehk=YbPlfJ%2fpYy%2fr3eEgS26aMRbABeeYrEgLZ9BouwHpbYs%3d&risl=&pid=ImgRaw&r=0,A stylish maxi dress suitable for summer occasions.
Leather Jacket,Male,Any,Edgy,157,172,58,77,https://th.bing.com/th/id/R.5277c8f1f55b8da202c3807ffcd94e51?rik=Jw44GdeuT3JhIw&riu=http%3a%2f%2f2.bp.blogspot.com%2f-qYDery_gtkg%2fULOAJaWgskI%2fAAAAAAAAZ8E%2fnbEsLCbh_Ls%2fs1600%2fAsos%2bLeather%2bJacket%27s%2bCollection%2b2012-13%2bFor%2bWomen%2b-%2b005%2b-%2bwww.Fashionhuntworld.Blogspot.com.JPG&ehk=Ng1DPssNpkWwUOF%2foQbcx4PX6KjKXII8u6b9KnGVrv8%3d&risl=&pid=ImgRaw&r=0,A stylish leather jacket suitable for edgy occasions.
Denim Jacket,Female,Any,Casual,149,168,57,76,https://i5.walmartimages.com/asr/2e75e92b-ec58-4518-af0b-1235f15f8813.efbd75d5c553a1741e95cf0fdd248ecc.jpeg,A stylish denim jacket suitable for casual occasions.
Cocktail Dress,Female,Hourglass,Party,141,164,60,77,https://images.pexels.com/photos/631162/pexels-photo-631162.jpeg,A stylish cocktail dress suitable for party occasions.
Tracksuit,Unisex,Any,Athleisure,153,171,42,57,https://www.mysportskit.com.ng/wp-content/uploads/2022/03/16-1.jpg,A stylish tracksuit suitable for athleisure occasions.
Leather Jacket,Male,Any,Edgy,148,172,41,58,https://www.jacketsexpert.com/wp-content/uploads/2021/02/mens-sherpa-collar-brown-leather-jacket.jpg,A stylish leather jacket suitable for edgy occasions.
Tracksuit,Unisex,Any,Athleisure,152,169,55,79,https://i.pinimg.com/originals/57/ad/10/57ad10c163b27aa1d3767e430647f1c4.jpg,A stylish tracksuit suitable for athleisure occasions.
Denim Jacket,Female,Any,Casual,147,162,59,84,https://images-na.ssl-images-amazon.com/images/I/71ltVJH47%2BL._AC_UL1335_.jpg,A stylish denim jacket suitable for casual occasions.
Maxi Dress,Female,Pear,Summer,147,172,50,71,https://th.bing.com/th/id/OIP.kj93XpxiyVNnkJTePNR_bQAAAA?rs=1&pid=ImgDetMain,A stylish maxi dress suitable for summer occasions.
Cocktail Dress,Female,Hourglass,Party,140,169,50,62,https://th.bing.com/th/id/OIP.m2L3DaO6aLZX6-KQiCOE3gHaLH?rs=1&pid=ImgDetMain,A stylish cocktail dress suitable for party occasions.
Maxi Dress,Female,Pear,Summer,153,172,59,79,https://5fbb4b60e5a371522c26-c46478628be7be7c70f96ec65a31d1c7.ssl.cf3.rackcdn.com/Images/ProductImages/Light_Pink_Floral_Maxi_Dress_136253_06f6.jpg,A stylish maxi dress suitable for summer occasions.
Blazer,Male,Rectangle,Business,156,173,48,76,https://tie-house.com/wp-content/uploads/2023/07/IMG_7933.jpg,A stylish blazer suitable for business occasions.
Tracksuit,Unisex,Any,Athleisure,158,177,45,74,https://th.bing.com/th/id/R.1b95080715d3269abe99fccece98102b?rik=Ilszj5nuCh84%2fA&riu=http%3a%2f%2fuk.trapstarlondon.com%2fcdn%2fshop%2fproducts%2fGREYCAMOARCHTRACKSUIT_F_1200x1200.png%3fv%3d1678381600&ehk=g5ztO2G9zLAFnFtDPi5vTTxB6OVBbCF7g31wEUAsgPs%3d&risl=&pid=ImgRaw&r=0,A stylish tracksuit suitable for athleisure occasions.
Hoodie and Joggers,Male,Any,Casual,142,162,57,72,https://lp2.hm.com/hmgoepprod?set=quality[79]%2Csource[%2Fb0%2F69%2Fb069246eee60516bdab5d3328a3b422b65bdf8fe.jpg]%2Corigin[dam]%2Ccategory[men_hoodiessweatshirts_hoodies]%2Ctype[DESCRIPTIVESTILLLIFE]%2Cres[m]%2Chmver[2]&call=url[file:/product/main],A stylish hoodie and joggers suitable for casual occasions.
Maxi Dress,Female,Pear,Summer,140,168,41,52,https://i.pinimg.com/originals/17/2b/d1/172bd1580d100dccc102a8ff0d0c8b39.jpg,A stylish maxi dress suitable for summer occasions.
Denim Jacket,Male,Any,Casual,154,184,44,73,https://ultimateleather.pk/wp-content/uploads/2017/12/New-Look-Denim-Jacket.jpg,A stylish denim jacket suitable for casual occasions.
Denim Jacket,Male,Any,Casual,148,177,47,69,https://ultimateleather.pk/wp-content/uploads/2017/12/New-Look-Denim-Jacket.jpg,A stylish denim jacket suitable for casual occasions.
Tracksuit,Male,Any,Athleisure,159,182,49,75,https://customized.com.ph/wp-content/uploads/2021/03/tracksuit-2.jpg,A stylish tracksuit suitable for athleisure occasions.
Cocktail Dress,Female,Hourglass,Party,157,177,40,55,https://th.bing.com/th/id/R.407e26f1112a9be484efbe46e13c62b7?rik=JydJKcXK8V0y9A&riu=http%3a%2f%2fwww.dressedupgirl.com%2fwp-content%2fuploads%2f2014%2f10%2fRed-Cocktail-Dresses-for-Women.jpg&ehk=1ZYfHChlUmicWSAgf5crXnuqDnEhHnvFzOFzF6MLZBk%3d&risl=&pid=ImgRaw&r=0,A stylish cocktail dress suitable for party occasions.
Blazer,Male,Rectangle,Business,144,170,47,68,https://www.tiptopgents.com/wp-content/uploads/2022/12/IMG_20221125_170254-01.webp,A stylish blazer suitable for business occasions.
Maxi Dress,Female,Pear,Summer,147,174,52,79,https://n.nordstrommedia.com/id/sr3/739339ae-2dc9-44e8-8bb8-c44cc59d4771.jpeg?crop=pad&pad_color=FFF&format=jpeg&w=780&h=1196&dpr=2,A stylish maxi dress suitable for summer occasions.
Leather Jacket,Female,Any,Edgy,141,168,59,83,https://happygentleman.com/wp-content/uploads/2019/11/mens-leather-jacket-starlord-2_2.jpg,A stylish leather jacket suitable for edgy occasions.
Tracksuit,Male,Rectangle,Casual,156,175,54,71,https://tracksuit.com.pk/wp-content/uploads/2023/12/Tracksuit-for-men-for-Winter-POSE.webp,A stylish tracksuit suitable for athleisure occasions.
Tracksuit,Female,Rectangle,Casual,148,168,40,69,https://m.media-amazon.com/images/I/51f6kuYEh7L._AC_SL1001_.jpg,A stylish tracksuit suitable for athleisure occasions.
Leather Jacket,Male,Rectangle,Casual,145,168,47,70,https://happygentleman.com/wp-content/uploads/2019/11/uclass-b921-mens-leather-jacket-black-3_1.jpg,A stylish leather jacket suitable for edgy occasions.
Maxi Dress,Female,Pear,Summer,143,172,48,73,https://cdn.executiveponies.com/media/catalog/product/t/n/tnindulge_me_maxi_dress_in_rose_gold_sequin.jpg,A stylish maxi dress suitable for summer occasions.
Maxi Dress,Female,Pear,Summer,151,175,42,71,https://cdn.shopify.com/s/files/1/0800/4863/products/yellow-floral-maxi-dress-with-cut-outs_1600x.jpg?v=1591171086,A stylish maxi dress suitable for summer occasions.
Blazer,Male,Rectangle,Business,145,169,44,60,https://th.bing.com/th/id/OIP.TZ4ahfL8-cnE9cqWKVAblgAAAA?rs=1&pid=ImgDetMain,A stylish blazer suitable for business occasions.
Leather Jacket,Female,hourglass,Casual,150,166,44,74,https://th.bing.com/th/id/R.6cf9b4c82c4132e5cc353e9ec9a43df9?rik=%2bUlFcevgZTv%2bmg&riu=http%3a%2f%2f2.bp.blogspot.com%2f-eTBtffVbkVs%2fUAlHGRjg_pI%2fAAAAAAAAAXQ%2fzUMSDI_AeXk%2fs1600%2f148-471PERFECTO.jpg&ehk=aqt3H%2b52mCsz7HShhBuKRS3Izhu3qD1sv2X0BIldhcY%3d&risl=&pid=ImgRaw&r=0,A stylish leather jacket suitable for edgy occasions.
Denim Jacket,Female,Any,Casual,143,163,60,85,https://www.womanwithin.com/on/demandware.static/-/Sites-masterCatalog_ellos/default/dwe356877a/images/hi-res/2532_24826_mc_1364.jpg,A stylish denim jacket suitable for casual occasions.
Hoodie and Joggers,Female,Any,Casual,159,179,53,68,https://i.pinimg.com/originals/03/39/ab/0339ab3aa427a6cbf50f9e2c9ac24386.jpg,A stylish hoodie and joggers suitable for casual occasions.
Cocktail Dress,Female,Hourglass,Party,142,170,45,59,https://th.bing.com/th/id/OIP.oeNNBzmvWck1cLNG9FqV6QHaJ6?rs=1&pid=ImgDetMain,A stylish cocktail dress suitable for party occasions.
Sherwani,Male,Oval,Wedding,153,176,50,72,https://th.bing.com/th/id/OIP.f7F2OfvJ6ySpsLHf1GSGWwHaLH?rs=1&pid=ImgDetMain,A stylish sherwani suitable for wedding occasions.
Denim Jacket,Male,Any,Casual,160,180,50,74,https://cdna.lystit.com/photos/nordstrom/90970cf7/levis-Berk-Type-Iii-Faux-Shearling-Lined-Denim-Trucker-Jacket.jpeg,A stylish denim jacket suitable for casual occasions.
Blazer,Male,Rectangle,Formal,140,164,45,71,https://tie-house.com/wp-content/uploads/2024/03/00006115.jpg,A stylish blazer suitable for business occasions.
Maxi Dress,Female,Pear,Casual,149,172,57,87,https://www.allseams.com/wp-content/uploads/2019/04/linen-maxi-dress-001--scaled.jpg,A stylish maxi dress suitable for summer occasions.
Leather Jacket,Male,Rectangle,Casual,140,165,57,83,https://www.urbanfashionstudio.com/wp-content/uploads/2022/05/Mens-Classic-Leather-Jacket-in-Black.jpg,A stylish leather jacket suitable for edgy occasions.
Hoodie and Joggers,Female,hourglass,Casual,158,184,53,72,https://i.pinimg.com/736x/0d/65/42/0d6542275a11a95c01aff4b36ad698df.jpg,A stylish hoodie and joggers suitable for casual occasions.
Blazer,Male,Rectangle,Formal,140,164,55,65,https://www.suitsexpert.com/wp-content/uploads/light-grey-blazer-charcoal-turtleneck-black-pants-black-loafers.jpg,A stylish blazer suitable for business occasions.
Tracksuit,Male,Hourglass,Casual,145,167,46,76,"https://static.nike.com/a/images/t_PDP_1280_v1/f_auto,q_auto:eco/4532a7dc-6bf7-425d-a145-11efe61325c0/club-mens-poly-knit-tracksuit-WPGsxN.png",A stylish tracksuit suitable for athleisure occasions.
Blazer,Male,Rectangle,Business,145,171,50,74,https://th.bing.com/th/id/OIP.v7aUCpTBN9iVcgDi6hc5qAHaHa?rs=1&pid=ImgDetMain,A stylish blazer suitable for business occasions.
Cocktail Dress,Female,Hourglass,Party,160,178,41,69,https://th.bing.com/th/id/R.aaea10fc9acd021f7a03a65504fec0ab?rik=DsSiSaGK0sBj1Q&riu=http%3a%2f%2fthewowstyle.com%2fwp-content%2fuploads%2f2015%2f03%2fGood-Quality-Red-Evening-Gowns-with-Sexy-Slit.jpg&ehk=Ap8PzNYepK9xgo%2bNhHlISrC5eSoJpL6NFKqu1NEYQeg%3d&risl=&pid=ImgRaw&r=0,A stylish cocktail dress suitable for party occasions.
Denim Jacket,Male,Hourglass,Casual,158,184,42,67,https://images.pexels.com/photos/2869313/pexels-photo-2869313.jpeg,A stylish denim jacket suitable for casual occasions.
Cocktail Dress,Female,Hourglass,Party,155,172,59,74,https://www.dressedupgirl.com/wp-content/uploads/2014/10/Long-Sleeve-Black-Cocktail-Dress.jpg,A stylish cocktail dress suitable for party occasions.
Leather Jacket,Male,Any,Edgy,141,160,57,77,https://th.bing.com/th/id/OIP.4AU2BNRoitzLiahscuN9UAHaLG?rs=1&pid=ImgDetMain,A stylish leather jacket suitable for edgy occasions.
Cocktail Dress,Female,Hourglass,Party,150,165,57,85,https://cdn-3.jjshouse.com/upimg/jjshouse/s1140/cd/83/53924fd86745a5cde7371c650d2fcd83.jpg,A stylish cocktail dress suitable for party occasions.
Hoodie and Joggers,Male,Any,Casual,159,184,41,57,https://th.bing.com/th/id/OIP.4aRDHNxaWvu9GvD_DYYOlAHaHa?rs=1&pid=ImgDetMain,A stylish hoodie and joggers suitable for casual occasions.
Maxi Dress,Female,Pear,Casual,159,182,42,67,https://th.bing.com/th/id/OIP.VfLNARZ1_XYj9y8f3W_-ewHaLH?rs=1&pid=ImgDetMain,A stylish maxi dress suitable for summer occasions.
