"Outfit","Gender","Body Shape","Theme","Height Min","Height Max","Weight Min","Weight Max","Image URL","Description"
"Saree","Female","Hourglass","Wedding",150,175,45,70,"https://utsarees.in/cdn/shop/files/Janhvi_Kapoor_Inspired_Sindoori_Red_Organza_Saree3.jpg?v=1724135569&width=1080w","A traditional Indian garment draped elegantly, often worn for weddings and festive occasions."
"Tuxedo","Male","Rectangle","Formal",160,190,60,90,"https://upload.wikimedia.org/wikipedia/commons/2/2c/Black_tuxedo.jpg","A formal outfit consisting of a suit jacket and trousers, typically worn for formal events."
"Jeans and T-Shirt","Unisex","Any","Casual",140,190,40,100,"https://images.pexels.com/photos/46242/pexels-photo-46242.jpeg","A comfortable and casual outfit suitable for daily wear."
"Salwar Kameez","Female","Pear","Traditional",145,170,45,75,"https://upload.wikimedia.org/wikipedia/commons/9/9f/Salwar_Kameez.jpg","A traditional outfit consisting of a long tunic and pants, commonly worn in South Asia."
"Kurta Pajama","Male","Oval","Traditional",150,185,50,90,"https://upload.wikimedia.org/wikipedia/commons/3/35/Kurta_Pajama.jpg","A comfortable traditional outfit consisting of a long tunic and loose-fitting pants."
"Blazer and Trousers","Male","Athletic","Business",160,195,60,95,"https://images.pexels.com/photos/325876/pexels-photo-325876.jpeg","A professional business outfit featuring a formal blazer paired with trousers."
"Evening Gown","Female","Inverted Triangle","Party",150,180,45,80,"https://images.pexels.com/photos/843464/pexels-photo-843464.jpeg","A long, elegant dress designed for formal evening events."
"Joggers and Hoodie","Unisex","Any","Casual",145,190,45,100,"https://images.pexels.com/photos/939406/pexels-photo-939406.jpeg","A comfortable and stylish outfit perfect for casual outings or workouts."
"Lehenga","Female","Hourglass","Festive",150,175,45,70,"https://upload.wikimedia.org/wikipedia/commons/e/ee/Lehenga_Choli.jpg","A heavily embroidered skirt and blouse, often worn for weddings and festive occasions."
"Suit and Tie","Male","Rectangle","Formal",160,190,60,90,"https://images.pexels.com/photos/1043474/pexels-photo-1043474.jpeg","A formal attire consisting of a suit jacket, trousers, and a tie, suitable for business or formal events."
"Tracksuit","Unisex","Athletic","Sports",140,185,50,100,"https://images.pexels.com/photos/1032110/pexels-photo-1032110.jpeg","A sporty outfit typically worn for exercise or casual wear."
"Jumpsuit","Female","Oval","Casual",145,175,45,80,"https://images.pexels.com/photos/179909/pexels-photo-179909.jpeg","A one-piece garment that is comfortable and stylish for casual wear."
Lehenga,Female,Rectangle,Festive,150,175,45,70,https://upload.wikimedia.org/wikipedia/commons/e/ee/Lehenga_Choli.jpg,"A graceful ensemble featuring intricate embroidery, perfect for traditional celebrations and cultural events."
Lehenga,Female,Oval,Festive,151,176,46,72,https://upload.wikimedia.org/wikipedia/commons/e/ee/Lehenga_Choli.jpg,"An elegant lehenga with rich fabric and embellishments, designed to add charm to any festive occasion."
Lehenga,Female,Pear,Festive,152,177,47,74,https://upload.wikimedia.org/wikipedia/commons/e/ee/Lehenga_Choli.jpg,"A beautifully flared skirt paired with a stylish blouse, enhancing the festive spirit with vibrant colors."
Lehenga,Female,Apple,Festive,153,178,48,76,https://upload.wikimedia.org/wikipedia/commons/e/ee/Lehenga_Choli.jpg,"A dazzling lehenga adorned with sequins and zari work, making it a stunning choice for grand celebrations."
Lehenga,Female,Inverted Triangle,Festive,154,179,49,78,https://upload.wikimedia.org/wikipedia/commons/e/ee/Lehenga_Choli.jpg,"A modern take on the traditional lehenga, featuring a flattering silhouette and intricate hand embroidery."
Lehenga,Female,Rectangle,Festive,155,180,50,80,https://upload.wikimedia.org/wikipedia/commons/e/ee/Lehenga_Choli.jpg,"An exquisite lehenga set with a flowing skirt and embroidered dupatta, ideal for weddings and festivals."
Lehenga,Female,Oval,Festive,156,181,51,82,https://upload.wikimedia.org/wikipedia/commons/e/ee/Lehenga_Choli.jpg,"A vibrant lehenga with intricate mirror work, designed to make a statement at any festive gathering."
Lehenga,Female,Pear,Festive,157,182,52,84,https://upload.wikimedia.org/wikipedia/commons/e/ee/Lehenga_Choli.jpg,"A beautifully handcrafted lehenga with delicate threadwork, reflecting the essence of traditional elegance."
Lehenga,Female,Apple,Festive,158,183,53,86,https://upload.wikimedia.org/wikipedia/commons/e/ee/Lehenga_Choli.jpg,"A regal lehenga with rich fabrics and luxurious embellishments, making it a timeless festive outfit.
Lehenga,Female,Inverted Triangle,Festive,159,184,54,88,https://upload.wikimedia.org/wikipedia/commons/e/ee/Lehenga_Choli.jpg,"A fashionable lehenga with bold designs and intricate motifs, blending tradition with modern style."
Lehenga,Female,Rectangle,Festive,160,185,55,90,https://upload.wikimedia.org/wikipedia/commons/e/ee/Lehenga_Choli.jpg,"A captivating lehenga featuring silk and velvet fabrics, creating a luxurious festive appearance."
Lehenga,Female,Oval,Festive,161,186,56,92,https://upload.wikimedia.org/wikipedia/commons/e/ee/Lehenga_Choli.jpg,"A stunning lehenga with detailed gota-patti work, adding a royal touch to any traditional occasion."
Lehenga,Female,Pear,Festive,162,187,57,94,https://upload.wikimedia.org/wikipedia/commons/e/ee/Lehenga_Choli.jpg,"A lightweight yet heavily embroidered lehenga, designed for comfort and elegance at festive events."
Lehenga,Female,Apple,Festive,163,188,58,96,https://upload.wikimedia.org/wikipedia/commons/e/ee/Lehenga_Choli.jpg,"An eye-catching lehenga with handcrafted embellishments, ideal for wedding festivities and grand occasions."
Lehenga,Female,Inverted Triangle,Festive,164,189,59,98,https://upload.wikimedia.org/wikipedia/commons/e/ee/Lehenga_Choli.jpg,"A fusion-style lehenga with modern cuts and traditional embroidery, bringing a contemporary festive look."
Lehenga,Female,Rectangle,Festive,165,190,60,100,https://upload.wikimedia.org/wikipedia/commons/e/ee/Lehenga_Choli.jpg,"A timeless lehenga featuring intricate zardozi work, embodying the richness of Indian heritage."
Lehenga,Female,Oval,Festive,166,191,61,102,https://upload.wikimedia.org/wikipedia/commons/e/ee/Lehenga_Choli.jpg,"A beautifully embroidered lehenga with soft pastel shades, creating a dreamy festive look."
Lehenga,Female,Pear,Festive,167,192,62,104,https://upload.wikimedia.org/wikipedia/commons/e/ee/Lehenga_Choli.jpg,"A dazzling lehenga with multi-layered flares, adding grace and grandeur to any celebration."
Lehenga,Female,Apple,Festive,168,193,63,106,https://upload.wikimedia.org/wikipedia/commons/e/ee/Lehenga_Choli.jpg,"A delicately handcrafted lehenga with intricate lacework, designed for a royal festive appeal."
Lehenga,Female,Inverted Triangle,Festive,169,194,64,108,https://upload.wikimedia.org/wikipedia/commons/e/ee/Lehenga_Choli.jpg,"A statement lehenga with artistic motifs and a structured blouse, creating a bold and festive look."
Lehenga,Female,Rectangle,Festive,170,195,65,110,https://upload.wikimedia.org/wikipedia/commons/e/ee/Lehenga_Choli.jpg,"An intricately designed lehenga with gold embellishments, radiating elegance for grand festivities."